"about","industry","location","logo","name","size","website link","unique id"
"","Animation","Lagos, Nigeria","//s3.amazonaws.com/appforest_uf/f1628969773736x732212104149942100/Frame%201.png","Basement Animation","","www.basementanimation.com","1628965084950x118549025427292160"
"","Human Resources","Lagos, Nigeria","//s3.amazonaws.com/appforest_uf/f1628969789359x800230078823759500/Frame%202.png","SeamlessHR","","www.SeamlessHR.com","1628967930051x588829196759859200"
"","Entertainment","Lagos, Nigeria","//s3.amazonaws.com/appforest_uf/f1629145333993x131552949340218340/Frame%204.png","Seats and Tickets","","www.seatsandtickets.com","1629061653365x299307639413932000"
"","Insurance","Lagos, Nigeria","//s3.amazonaws.com/appforest_uf/f1629145320568x983342669163975700/Frame%203.png","Scib Nigeria & Company Ltd","","Www.scibng.com","1629130040034x273251674182123520"
"","Management Consulting","Lagos, Nigeria","//s3.amazonaws.com/appforest_uf/f1629145303414x724820313813887700/Alder%20Logo%20DP.png","Alder Consulting","","Www.alderconsulting.com","1629133097965x787834965782954000"
"","Banking","Lagos, Nigeria","//s3.amazonaws.com/appforest_uf/f1629147397158x822220517886680200/wema.png","Wema Bank Plc","","www.wemabank.com","1629145753521x530552470756130800"
"","Real Estate","Lagos, Nigeria","//s3.amazonaws.com/appforest_uf/f1629281735416x312347169353611100/Frame%206.png","Castles lifestyle magazine (Realhouse Communication)","","www.castles.com.ng","1629157028526x237882636635996160"
"","Internet","Lagos, Nigeria","//s3.amazonaws.com/appforest_uf/f1629281700672x404683765368843300/Frame%208.png","ipNX Nigeria Limited","","https://www.ipnxnigeria.net/","1629184377413x572726605811023900"
"","Insurance","Lagos, Nigeria","//s3.amazonaws.com/appforest_uf/f1629281686040x609737454707724800/Frame%209.png","Mutual Benefits Life Assurance","","www.mutualng.com","1629187265600x888675945522397200"
"","Retail & Supermarkets","Lagos, Nigeria","//s3.amazonaws.com/appforest_uf/f1629281667023x490175806302745000/Frame%2010.png","Timekeepers International limited ","","www.timekeeper_ng.com","1629192860345x265531588989943800"
"","Food & Beverages","Lagos, Nigeria","//s3.amazonaws.com/appforest_uf/f1629281406021x165526025436855140/nestle%20wbg.jpg","Nestlé Nigeria Plc","","www.nestle-cwa.com","1629209702516x780678252655018000"
"Gokada is a leading technology startup in Africa's largest economy, Nigeria, and has the potential to become one of the most impactful companies in all of Africa. Our Mission is to make African Cities easier, better, and more enjoyable to live in by empowering the lives of people through technology. Our Vision is to be the biggest Super App for Africa and we aim to make Africa Cities easier, better, and more enjoyable to live in by empowering the lives of people through technology.","Logistics & Supply Chain","Lagos, Nigeria","//s3.amazonaws.com/appforest_uf/f1629294888794x244585032995961800/Frame%2012.png","Gokada","51-200 employees","https://gokada.ng","1629293597631x859169763656728600"
"","Banking","Lagos, Nigeria","//s3.amazonaws.com/appforest_uf/f1629358978864x820831575325812600/access.png","Access Bank Plc","","www.accessbankplc.com","1629357612026x412472425792929800"
"","Information Technology Services","Lagos, Nigeria","//s3.amazonaws.com/appforest_uf/f1629359366785x668600148632884400/decagon.png","Decagon","","https://decagonhq.com/","1629359026680x323549104727392260"
"","Logistics & Supply Chain","Lagos, Nigeria","//s3.amazonaws.com/appforest_uf/f1629651431281x915465921307490400/gig.png","GIG Logistics","","https://giglogistics.com/","1629400409321x273032036416487420"
"","Other","Lagos, Nigeria","//s3.amazonaws.com/appforest_uf/f1629651420113x986372349967527000/mwanga.png","Mwanga Limited ","","mwanga.ng","1629526117109x431159832713625600"
"","Other","Lagos, Nigeria","//s3.amazonaws.com/appforest_uf/f1629817871310x259810843833854880/company%20logo_generic.png","Electronic Payplus Limited","","www.epayplusng.com ","1629905087960x190945384199880700"
"","Automotive","Lagos, Nigeria","//s3.amazonaws.com/appforest_uf/f1629817871310x259810843833854880/company%20logo_generic.png","Sonlink Motors and Spares","","www.sonlink-motor.com","1630334422575x907543551328124900"
"","Insurance","Lagos, Nigeria","//s3.amazonaws.com/appforest_uf/f1635769668326x711156774508118000/fbn%20insurance.png","FBN Insurance","","https://www.fbninsurance.com/","1630588951998x689103697720901600"
"","Non-Profit Organisation","Abuja, Nigeria","//s3.amazonaws.com/appforest_uf/f1635769644921x780784455332247200/missions1.png","Missions 1","","https://missions1.org","1631193807935x511160972663586800"
"","Retail & Supermarkets","Lagos, Nigeria","//s3.amazonaws.com/appforest_uf/f1635769632930x390613675218853100/kobobid.png","Kobobid","","www.Kobobid.com","1631716836208x549883134552047600"
"","Marketing & Advertising","Lagos, Nigeria","//s3.amazonaws.com/appforest_uf/f1635769183913x370250868410509060/brandeye.png","BrandEye Media","","https://brandeyemedia.com/","1631815257525x220201616561143800"
"","Banking","Lagos, Nigeria","//s3.amazonaws.com/appforest_uf/f1635769169722x869709830425437800/uba.png","United Bank for Africa","","Ubagroup.Com","1632564306842x268895662843363330"
"","Financial Services","Lagos, Nigeria","//s3.amazonaws.com/appforest_uf/f1635769155485x192213081071013220/afri%20invest.png","Afrinvest West Africa Limited","","https://www.afrinvest.com/","1633009698094x503588770887237600"
"","Financial Technology","Lagos, Nigeria","//s3.amazonaws.com/appforest_uf/f1629817871310x259810843833854880/company%20logo_generic.png","Chaka","","Chaka.com","1633276953788x545256158071881700"
"","Financial Services","Lagos, Nigeria","//s3.amazonaws.com/appforest_uf/f1635769010990x496934198333822000/fbn%20quest.png","FBN Quest","","https://fbnquest.com/","1633507046353x949939621202755600"
"","Legal Services","Lagos, Nigeria","//s3.amazonaws.com/appforest_uf/f1635768989714x890107246724918500/kenna.png","Kenna Partners","","Kennapartners.com","1634731075999x357009617129570300"
"","Telecommunications","Lagos, Nigeria","//s3.amazonaws.com/appforest_uf/f1629817871310x259810843833854880/company%20logo_generic.png","Globacom Limited ","","Www.GloWorld.com","1637614859312x388492131046260740"
"","Education Management","Lagos, Nigeria","//s3.amazonaws.com/appforest_uf/f1629817871310x259810843833854880/company%20logo_generic.png","Certification Edge","","https://certificationedge.com/?gclid=CjwKCAiA4veMBhAMEiwAU4XRr8kibnc_0C_qZjo3vTvoV7JuAulxnLVYvbM-eNeY8mYr5eHWLLlrfBoCGKgQAvD_BwE","1637744826239x586064668339208200"
"","Real Estate","Lagos, Nigeria","//s3.amazonaws.com/appforest_uf/f1629817871310x259810843833854880/company%20logo_generic.png","Sujimoto","","https://sujimotonig.com/","1641580676796x404437508984668200"
"","Entertainment","Ogun, Nigeria","//s3.amazonaws.com/appforest_uf/f1629817871310x259810843833854880/company%20logo_generic.png","Solution Media and Infotech ","","Www.solutionmi.com ","1642591420484x540687881216458750"
"","","Lagos, Nigeria","//s3.amazonaws.com/appforest_uf/f1642687470802x479934988200035200/company%20logo_generic.png","Hazon Holdings","","","1642687481640x670191260048557000"
"","Logistics & Supply Chain","Lagos, Nigeria","//s3.amazonaws.com/appforest_uf/f1629817871310x259810843833854880/company%20logo_generic.png","Yakora Limited ","","Yakora limited.no.co","1644614025408x694879614850039800"
"","Public Relations & Communications","Lagos, Nigeria","//s3.amazonaws.com/appforest_uf/f1629817871310x259810843833854880/company%20logo_generic.png","Black House Media ","","https://bhmng.com/","1645381823290x945419130594918400"
"","Other","Lagos, Nigeria","//s3.amazonaws.com/appforest_uf/f1629817871310x259810843833854880/company%20logo_generic.png","PwC Nigeria","","https://www.pwc.com/ng/en.html","1647911864553x249498710887628800"
"","Insurance","Lagos, Nigeria","//s3.amazonaws.com/appforest_uf/f1629817871310x259810843833854880/company%20logo_generic.png","FBN Insurance Brokers ","11-50 employees","www.fbninsurancebrokers.com","1648028356106x353601560346624000"
"","Banking","Lagos, Nigeria","//s3.amazonaws.com/appforest_uf/f1629817871310x259810843833854880/company%20logo_generic.png","FirstBank ","5001-10,000 employees","FirstBanknigeria.com","1648028706493x137462961067786240"
"Pulse is Africa's leading innovative media company. We inform & engage Africa's young audience - and provide expansive media reach and creative marketing solutions to our partners.","Media Production","Lagos, Nigeria","//s3.amazonaws.com/appforest_uf/f1629817871310x259810843833854880/company%20logo_generic.png","Pulse","201-500 employees","www.pulse.africa","1648038933504x487224750449360900"
"Glovo is a Barcelona-based startup and the fastest-growing delivery player in Europe, Western Asia, and Africa. With food at the core of its business, Glovo delivers any product within your city at any time of day. We currently deliver over 100M+ annual orders and operate in 23 countries and 1080+ cities.","Consumer Services","Lagos, Nigeria","//s3.amazonaws.com/appforest_uf/f1629817871310x259810843833854880/company%20logo_generic.png","Glovo","1001-5000 employees","http://about.glovoapp.com/en/","1648040089939x127545629163388930"
"Reliance Health is a healthcare company using technology to make healthcare more affordable and accessible. Through an integrated approach that includes affordable health insurance, telemedicine and a combination of partner and proprietary healthcare facilities, Reliance Health offers innovative healthcare solutions that meet the needs of emerging markets.

We are also backed by some of the world’s most prominent investors including Partech, Y Combinator and Tencent.","Hospital & Healthcare","Lagos, Nigeria","//s3.amazonaws.com/appforest_uf/f1629817871310x259810843833854880/company%20logo_generic.png","Reliance Health","201-500 employees","https://getreliancehealth.com/","1648041306209x938186137142820900"
"Women’s World Banking designs and invests in the financial solutions, institutions and policy environments in emerging markets to create greater economic stability and prosperity for women, their families, and their communities. With a global reach of 53 partners in 32 countries serving more than 30 million women clients, Women’s World Banking drives impact through its scalable, market-driven solutions; gender-lens private equity fund; and leadership and diversity programs.","Non-Profit Organisation","Lagos, Nigeria","//s3.amazonaws.com/appforest_uf/f1629817871310x259810843833854880/company%20logo_generic.png","Women's World Banking","11-50 employees","www.womensworldbanking.org","1648044058969x778706471652163600"
"Old Mutual Limited is a premium pan-African financial services group that offers a broad spectrum of financial solutions to retail and corporate customers across key markets in 14 countries. We have been helping our customers achieve their lifetime financial goals for over 170 years by investing their funds in ways that create positive futures for them, their families, their communities and broader society.
In this way, we significantly contribute to improving the lives of our customers and their communities while ensuring a sustainable future for our business.","Financial Services","Lagos, Nigeria","//s3.amazonaws.com/appforest_uf/f1629817871310x259810843833854880/company%20logo_generic.png","Old Mutual","10,001+ employees","http://www.oldmutual.co.za","1648045365640x260829434524205060"
"The Bulb™ is a platform for African creatives to turn tech ideas into business realities. We run accelerator programs, incubate entrepreneurs and provide training to help them launch, grow and sustain businesses.","Information Technology Services","Lagos, Nigeria","//s3.amazonaws.com/appforest_uf/f1629817871310x259810843833854880/company%20logo_generic.png","The Bulb Africa","201-500 employees","https://thebulb.africa/","1648320336298x598247341016219600"
"Bincom ICT Solutions is a fast growing Information Communication Technology (ICT) Solutions firm. Founded in 2006, with a core in web and emerging technologies, Bincom has since grown and developed expertise in various complex areas of IT, and is fast becoming Nigeria's leading ICT firm providing cutting edge technology solutions and best use of technology to the world.","Information Technology Services","Lagos, Nigeria","//s3.amazonaws.com/appforest_uf/f1629817871310x259810843833854880/company%20logo_generic.png","Bincom ICT","11-50 employees","https://www.bincom.net/","1648321853173x249693284563943420"
"","Media Production","Lagos, Nigeria","//s3.amazonaws.com/appforest_uf/f1629817871310x259810843833854880/company%20logo_generic.png","Techpoint Africa","11-50 employees","Techpoint.africa","1648478327134x446778156636438500"
"Chipper is the largest mobile cross-border money transfer platform in Africa. We are a small passionate team, dedicated to expanding financial inclusion in some of the global regions most in need of accessible, interoperable, easy-to-use, and affordable financial services.","Financial Services","Lagos, Nigeria","//s3.amazonaws.com/appforest_uf/f1629817871310x259810843833854880/company%20logo_generic.png","Chipper Cash","51-200 employees","https://chippercash.com/","1649097814366x315962417687035900"
"Interswitch is an Africa-focused integrated digital payments and commerce company that facilitates the electronic circulation of money as well as the exchange of value between individuals and organisations on a timely and consistent basis. We started operations in 2002 as a transaction switching and electronic payments processing, and have progressively evolved into an integrated payment services company, building and managing payment infrastructure as well as delivering innovative payment products and transactional services throughout the African continent. At Interswitch, we offer unique career opportunities for individuals capable of playing key roles and adding value in an innovative and fun environment.","Financial Services","Lagos, Nigeria","//s3.amazonaws.com/appforest_uf/f1629817871310x259810843833854880/company%20logo_generic.png","Interswitch","201-500 employees","interswitch.com","1649100580196x164757722848034800"
"Co-creation Hub (CcHUB) is Nigeria’s first open living lab and pre-incubation space being designed to be a multi-functional, multi-purpose space where work to catalyze creative social tech ventures take place. The HUB is a place for technologists, social entrepreneurs, government, tech companies, impact investors and hackers in and around Lagos to co-create new solutions to the many social problems in Nigeria.","Information Technology Services","Lagos, Nigeria","//s3.amazonaws.com/appforest_uf/f1629817871310x259810843833854880/company%20logo_generic.png","Co-creation Hub (CcHUB)","51-200 employees","http://www.cchubnigeria.com/","1649101331746x806206509996572700"
"Code for Africa is the continent’s largest federation of independent civic technology and data journalism laboratories, which build digital democracy solutions giving citizens unfettered access to actionable information that empowers them to make informed decisions and that strengthen civic engagement for improved public governance and accountability.","Computer Software","Lagos, Nigeria","//s3.amazonaws.com/appforest_uf/f1629817871310x259810843833854880/company%20logo_generic.png","Code Africa","11-50 employees","codeforafrica.org","1649352101941x699660902672367600"
"Google LLC is an American multinational technology company that focuses on artificial intelligence, search engine, online advertising, cloud computing, computer software, quantum computing, e-commerce, and consumer electronics.","Internet","Lagos, Nigeria","//s3.amazonaws.com/appforest_uf/f1629817871310x259810843833854880/company%20logo_generic.png","Google Nigeria","201-500 employees","https://careers.google.com/locations/lagos/","1649352618542x247587213204258800"
"Clout Africa is a full stack media incubator that works to help brands reach global audiences by creating content tailored to the client and audience’s taste and optimising brands and individuals and organizations to reach peak marketability with the ultimate goal of exporting viable brands to international audiences.","Public Relations & Communications","Lagos, Nigeria","//s3.amazonaws.com/appforest_uf/f1629817871310x259810843833854880/company%20logo_generic.png","Clout Africa","11-50 employees","https://clout.ng/","1649353112744x307418475802656800"
"Gradely is using analytics and data-driven recommendations to help schools and parents intervene in real-time to student's learning gaps. Through weekly adaptive homework tests taken on the web or mobile device, Gradely is able to tell how much of a topic a student understands and recommend specific practice sets, remedial videos or private tutoring.","E-Learning","Lagos, Nigeria","//s3.amazonaws.com/appforest_uf/f1629817871310x259810843833854880/company%20logo_generic.png","Gradely Nigeria","11-50 employees","https://gradely.ng/","1649353776317x919008708919296000"
"","Human Resources","Lagos, Nigeria","//s3.amazonaws.com/appforest_uf/f1629817871310x259810843833854880/company%20logo_generic.png","ReactHQ","1-10 employees","https://reacthq.dev/","1649371383097x804538157984383000"
"We are a fast-growing provider of digital services to African merchants and businesses in the fields of logistics, e-commerce and financial services","Logistics & Supply Chain","Lagos, Nigeria","//s3.amazonaws.com/appforest_uf/f1629817871310x259810843833854880/company%20logo_generic.png","Kwik","51-200 employees","https://www.kwik.africa","1649700992144x661770235189657600"
"Softcom was established in 2007 with a mission to “connect people and businesses with meaningful innovation”. A technology company which aims to solve problems that will connect people and businesses to value that ultimately improves their lives. We want our products to enable inclusion and growth for people and businesses in Africa.","Information Technology Services","Lagos, Nigeria","//s3.amazonaws.com/appforest_uf/f1629817871310x259810843833854880/company%20logo_generic.png","Softcom","201-500 employees","http://www.softcom.xyz","1649701285004x420552370008621060"
"Microsoft Corporation is an American multinational technology company with headquarters in Redmond, Washington. It develops, manufactures, licenses, supports, and sells computer software, consumer electronics, personal computers, and related services. Its best known software products are the Microsoft Windows line of operating systems, the Microsoft Office suite, and the Internet Explorer and Edge web browsers. 

At Microsoft our mission and values are to help people and businesses throughout the world realize their full potential.","Computer Software","Lagos, Nigeria","//s3.amazonaws.com/appforest_uf/f1629817871310x259810843833854880/company%20logo_generic.png","Microsoft Nigeria","51-200 employees","www.microsoft.com/en-ng/contact.aspx","1649702464814x119265154586378240"
"FSDH Holding Company Limited is a non-operating holding company focused on providing progressive financial services in Nigeria. Our subsidiaries include: FSDH Asset Management, FSDH Capital, FSDH Merchant Bank and Pensions Alliance Limited (PAL).

Maintaining our reputation as providers of dependable and innovative financial services in the region is important to us. To this end, we are continually deepening our business lines and expanding what we offer through our subsidiaries.","Financial Services","Lagos, Nigeria","//s3.amazonaws.com/appforest_uf/f1629817871310x259810843833854880/company%20logo_generic.png","FSDH Merchant Bank","51-200 employees","http://www.fsdhgroup.com","1649703122784x947083143887978500"
"Korapay is a payment infrastructure servicing a wide band of businesses making local and international payments. We are a marketplace for digital financial services across Africa. Our vision, which is at the core of what we do every day, is to create a world void of digital financial barriers across Africa. We are committed to delivering reliable, secure, and easy to use digital financial solutions to every single customer with a guarantee that it is improving their lives.","Financial Technology","Lagos, Nigeria","//s3.amazonaws.com/appforest_uf/f1629817871310x259810843833854880/company%20logo_generic.png","Korapay","11-50 employees","korapay.com","1649961232423x550629777462001660"
"We are a passionate team determined to challenge the status quo and make financial inclusion count for the millions of under-banked individuals and small business owners in Nigeria. We provide loans, savings, and fixed deposit solutions to our customers. Our vision is to be the most convenient lending company, delivering outstanding service experiences.","Financial Services","Lagos, Nigeria","//s3.amazonaws.com/appforest_uf/f1629817871310x259810843833854880/company%20logo_generic.png","Renmoney","501-1000 employees","http://www.renmoney.com/","1649963115202x430343671429201900"
"We provide financing for mobile money agents based on their social reputation.","Financial Services","Lagos, Nigeria","//s3.amazonaws.com/appforest_uf/f1629817871310x259810843833854880/company%20logo_generic.png","Moni","11-50 employees","https://moni.africa","1650358292833x384013220482908200"
"Flutterwave was founded on the principle that every African must be able to participate and thrive in the global economy. To achieve this objective, we have built a trusted payment infrastructure that allows consumers and businesses (African and International) make and receive payments in a convenient border-less manner.","Financial Technology","Lagos, Nigeria","//s3.amazonaws.com/appforest_uf/f1629817871310x259810843833854880/company%20logo_generic.png","Flutterwave","201-500 employees","flutterwave.com","1650636968844x153795603288031230"
"Bankly is a financial technology company pushing the boundaries in cash digitization and data-led consumer services. Since 2019, Bankly has been focused on building the infrastructure to serve Nigeria’s informal segment and so far we’ve served ~35000 customers across our network of ~15,000 agents around Nigeria. We’re building a bank for the financially underserved.","Financial Services","Lagos, Nigeria","//s3.amazonaws.com/appforest_uf/f1629817871310x259810843833854880/company%20logo_generic.png","Bankly","11-50 employees","https://bankly.ng/","1650637241453x842239831252140000"
"SecondSTAX (SSX) was founded on the principle that investment firms will not be limited to investing only in their resident jurisdictions but will have access to trade in other markets and generate additional revenue for themselves and their clients. To bridge this gap in the market, SSX provides financial technology to investment firms for cross-border trading in African stocks and bonds.","Investment Management","Lagos, Nigeria","//s3.amazonaws.com/appforest_uf/f1629817871310x259810843833854880/company%20logo_generic.png","SecondSTAX (SSX)","11-50 employees","https://secondstax.info/","1650639427019x729798406892421100"
"Flex Finance is Africa’s leading Spend management and requisition platform that helps finance teams and business owners manage all company spending in one place. We combined powerful payment infrastructure with spend management architecture and data-rich expense reports to revolutionize how businesses in Africa track spending.","Information Technology Services","Lagos, Nigeria","//s3.amazonaws.com/appforest_uf/f1629817871310x259810843833854880/company%20logo_generic.png","Flex Finance","11-50 employees","http://flexfinance.ai","1650907619820x396118988618727400"
"At uLesson, our mission is to build effective educational experiences that help Africans realise their aspirations. Our team of talented people are passionate about media, technology, education and the continent. Together, we seek to build a learning experience unprecedented in its richness, scope, interactivity and effectiveness.

Our service is built to specifically serve African needs across the board. We seek to engage African students in a manner that is culturally relevant, and responds to the syllabi in their respective countries.

We believe learning should be a personally fulfilling and exciting journey for every student. uLesson employs an individualistic approach to learning, applying simplified teaching methods designed to amplify each student’s learning ability with quality lesson plans from the best tutors. We take complex concepts of maths, physics, chemistry and biology and present them to the learner in a manner that makes learning interactive and engaging.","E-Learning","Abuja, Nigeria","//s3.amazonaws.com/appforest_uf/f1629817871310x259810843833854880/company%20logo_generic.png","uLesson","51-200 employees","http://www.ulesson.com/","1651152212559x143448136930557950"
"Genesis Cinemas is the leading cinema chain of West Africa with 12 locations, 47 screens and over 4,700 seats in operation across Nigeria. GC is part of the Genesis Group, a Nigerian based conglomerate established in 1991 with its key focus on hospitality and entertainment with diverse interests in Restaurants, Hotels, Industrial Catering, Cinemas, Family Entertainment Centres and Facility Management.

The Genesis Cinemas Brand and company was launched into the Nigerian market in the year 2008, in Lagos. By the month of December 2011, the company had served over 15 million customers. Genesis Cinemas, has cinemas located in Lagos, Port-Harcourt, Warri, Owerri, Abuja and Asaba. Our strategy to continue to grow in all major cities of the country will have us opening in more locations in the years to come. We are a major brand in the strategic Lagos market, with our current Lekki location situated at the most popular shopping mall in the country with over 800 parking spaces, housing some of the most prestigious Nigerian and international retail brands. Genesis Cinemas Lagos was the first cinema in West Africa to show a 3D movie (Green Hornet) in February, 2011.","Entertainment","Lagos, Nigeria","//s3.amazonaws.com/appforest_uf/f1629817871310x259810843833854880/company%20logo_generic.png","Genesis Cinemas","501-1000 employees","http://www.genesiscinemas.com","1651153344513x812447141084528600"
"TeamApt is Nigeria’s largest Agency banking operator and is now building the largest digital bank offering financial services products tailored to meet the needs of the underserved mass market - micropayments, savings, lending, insurance, pensions - using technology and low-cost offline distribution models. We believe providing financial access to the over 350 million Africans who are currently financially underserved will economically empower them and put them on a path to becoming the next generation of middle-class Africans.","Financial Services","Lagos, Nigeria","//s3.amazonaws.com/appforest_uf/f1629817871310x259810843833854880/company%20logo_generic.png","TeamApt","201-500 employees","http://www.teamapt.com","1651154158583x397557858436907000"
"Future Africa is an early stage venture fund that connects investors to mission-driven founders who are turning Africa’s most difficult challenges into global businesses. Our mission is to fund a future where purpose and prosperity are within everyone's reach. We have 50+ portfolio companies with $20M USD under management including Andela and Flutterwave. Our fund is backed by the founders of Andela, Paystack, Jumpbike and investors at Local Globe.","Venture Capital & Private Equity","Lagos, Nigeria","//s3.amazonaws.com/appforest_uf/f1629817871310x259810843833854880/company%20logo_generic.png","Future Africa","1-10 employees","https://www.future.africa/","1651154975304x197122456811995140"
"Stanbic IBTC Bank is a leading African banking group focused on emerging markets globally. It has been a mainstay of South Africa's financial system for 150 years, and now spans 16 countries across the African continent.","Banking","Lagos, Nigeria","//s3.amazonaws.com/appforest_uf/f1629817871310x259810843833854880/company%20logo_generic.png","Stanbic IBTC Bank","501-1000 employees","https://www.stanbicibtcbank.com/","1651584619545x295325239315529700"
"Biosec Solutions is an Identity Management Consultancy with core biometrics, smart card, and token-based enterprise architecture/delivery strengths. Our goal is to provide high technology systems and solutions to challenges paramount in the African space.","Information Technology Services","Abuja, Nigeria","//s3.amazonaws.com/appforest_uf/f1629817871310x259810843833854880/company%20logo_generic.png","Biosec Solutions","11-50 employees","https://biosec.com.ng/","1651585202860x307176149113634800"
"We are the pioneers of the online Gift Voucher Redemption system and we retail gift cards for merchants and different brands.

We preach corporate rewards and loyalty programs to organisations as a means of improving employee motivation and productivity, and appreciating consumers, partners and clients.

We build and develop custom loyalty platforms that are tailored to meet your business needs. We equally integrate into existing loyalty solutions for point-voucher conversion and redemption.

We make the art of gifting, corporate rewards and loyalty simple and richer.","Consumer Services","Lagos, Nigeria","//s3.amazonaws.com/appforest_uf/f1652013833579x341960308255388800/suregifts%20logo.jfif","SureGifts ","11-50 employees","http://www.suregifts.com.ng/","1651769184732x192918043888451600"
"Markova Creative is a digital marketing agency, in the business of helping brands and businesses engineer moments, and activities that attract, engage and convert Sub-Saharan consumers online. We do this by leveraging the best of digital strategies, learnings, platforms, tools and technologies, as well as a deep knowledge and understanding of our target audiences.","Marketing & Advertising","Lagos, Nigeria","//s3.amazonaws.com/appforest_uf/f1629817871310x259810843833854880/company%20logo_generic.png","Markova Creative Limited","1-10 employees","http://markovacreativeltd.com/","1652012739087x188551987111395330"
"Astract9 Designs is a budding creative solutions company with specializations in Enterprise Solutions, Digital Marketing, and Creative Consultancy.

We utilize creative tools and new media technology to improve and expand market brands, personalities, and businesses; creating brand identity, building and maintaining reputation/relationships whilst engaging the specified target audience to expand the reach of the client’s network.","Information Technology Services","Lagos, Nigeria","//s3.amazonaws.com/appforest_uf/f1629817871310x259810843833854880/company%20logo_generic.png","Astract9 Designs","1-10 employees","http://www.astract.com/","1652013242864x553498240056033300"
"Plato is a regulatory technology and corporate data management platform that helps companies establish trust with partners, clients, regulators, and banks. We help businesses manage and control their corporate profile, onboard new clients, and comply with regulations.","Information Technology Services","Lagos, Nigeria","//s3.amazonaws.com/appforest_uf/f1629817871310x259810843833854880/company%20logo_generic.png","Project Plato","11-50 employees","http://bigplato.tilda.ws/","1652014042874x211615848971632640"
"","Banking","Lagos, Nigeria","//s3.amazonaws.com/appforest_uf/f1629817871310x259810843833854880/company%20logo_generic.png","Polaris Bank Limited","10,001+ employees","www.polarisbanklimited.com","1652077030861x608900427235983400"
"Dunn and Braxton helps businesses optimize productivity by accessing dynamic teams of top talents at reduced costs. We will help your organization reduce risks, save costs and ensure compliance with Federal and State laws. This way, you are able to focus on your core to innovate and succeed. We Support Small, Mid-Size and Large Organisations","Management Consulting","Lagos, Nigeria","//s3.amazonaws.com/appforest_uf/f1629817871310x259810843833854880/company%20logo_generic.png","DunnandBraxton","11-50 employees","https://dunnandbraxton.com.ng/","1652268317516x171866536958492670"
"At Pariti, we are making the world a more equitable place by evolving and growing underserved markets. We help businesses in underserved markets overcome the hurdles of accessing capital, hiring talent, and expanding beyond their borders by connecting them with handpicked experts on our platform that will not only advise but do the work to achieve their goals.","Internet","Lagos, Nigeria","//s3.amazonaws.com/appforest_uf/f1629817871310x259810843833854880/company%20logo_generic.png","Pariti","1-10 employees","http://www.pariti.io/","1652268821533x800335457243627500"
"","Banking","Lagos, Nigeria","//s3.amazonaws.com/appforest_uf/f1629817871310x259810843833854880/company%20logo_generic.png","OPay Nigeria ","501-1000 employees","Www.Opay.com","1652381487210x497240081566007300"
"","Arts & Crafts","Enugu, Nigeria","//s3.amazonaws.com/appforest_uf/f1629817871310x259810843833854880/company%20logo_generic.png","pixblocks","51-200 employees","pixblocks.com","1654258048043x407293692431826940"
"","Marketing & Advertising","Lagos, Nigeria","//s3.amazonaws.com/appforest_uf/f1629817871310x259810843833854880/company%20logo_generic.png","SD-6 Consortium","1-10 employees","https://sd-6consortium.ml","1657219297647x682297252188520400"
"Prospa is a bank for Nigerian entrepreneurs. We're building the financial operating system for African entrepreneurs and businesses. Using our intuitive and beautifully designed mobile and web application, entrepreneurs are able to manage all their business and banking in one place.

We are backed by Y Combinator, and some of the most well respected and prolific investors, builders and operators in the US, Africa and Europe like Immad Akund (CEO @ mercury.com), Microtraction and many others.","Financial Services","Lagos, Nigeria","//s3.amazonaws.com/appforest_uf/f1629817871310x259810843833854880/company%20logo_generic.png","Prospa","51-200 employees","https://getprospa.com/","1659517286442x583656554085744600"
"Traction Apps is a one stop platform for small businesses to accept payments, run their businesses and access capital for growth, We are building the operating system for SMEs in Africa!","Information Technology Services","Lagos, Nigeria","//s3.amazonaws.com/appforest_uf/f1629817871310x259810843833854880/company%20logo_generic.png","Traction Apps","51-200 employees","http://www.tractionapps.co","1660059736925x594726079440879600"
"Bridging the gap between talents and Employers. We manage recruitment process, from need identification to job specification through to interviewing and hiring selected candidates, Outsourcing and Training","Human Resources","Lagos, Nigeria","//s3.amazonaws.com/appforest_uf/f1629817871310x259810843833854880/company%20logo_generic.png","DOAH ENTERPRISE","1-10 employees","","1660429122554x496351065649446900"
"","Agriculture/Farming","Oyo, Nigeria","//s3.amazonaws.com/appforest_uf/f1629817871310x259810843833854880/company%20logo_generic.png","Farmsquare","1-10 employees","www.farmsquare.ng","1660466911376x769991307650138100"
"","Telecommunications","Lagos, Nigeria","//s3.amazonaws.com/appforest_uf/f1629817871310x259810843833854880/company%20logo_generic.png","FBIS","51-200 employees","fbistech.com","1660494190129x769241161338191900"
"The BMGA Foundation is the primary philanthropic arm of BMGA Enterprise Limited (BMGA). The Foundation’s work is guided by its mission to encourage inclusivity and gender balance in the business environment.","Non-Profit Organisation","Lagos, Nigeria","//s3.amazonaws.com/appforest_uf/f1629817871310x259810843833854880/company%20logo_generic.png","BMGA Foundation","1-10 employees","https://bmgaenterprise.com/","1661250293067x102193738561880060"
"We are Sanofi, an innovative global healthcare company. We chase the miracles of science to improve people’s lives.

Our team, across some 100 countries, is dedicated to transforming the practice of medicine by working to turn the impossible into the possible. We provide potentially life-changing treatment options and life-saving vaccine protection to millions of people globally, while putting sustainability and social responsibility at the center of our ambitions.","Pharmaceuticals","Lagos, Nigeria","//s3.amazonaws.com/appforest_uf/f1629817871310x259810843833854880/company%20logo_generic.png","Sanofi","10,001+ employees","https://www.sanofi.com/","1661251577475x330142909245685760"
"Africa's Fastest Growing Ride-hailing Service.
Trips Fair, Affordable, Seemless, And Convenient.","Information Technology Services","Lagos, Nigeria","//s3.amazonaws.com/appforest_uf/f1629817871310x259810843833854880/company%20logo_generic.png","FareRun","11-50 employees","https://farerun.com/","1661252008081x351133438430150660"
" Beryl's Consult is a professional consulting firm that expertise to provide employers with the right talent for their organizations making use of packages and benefits offered by the clients in identifying the requirements and need for the role. We extends our services to consultation, staff training, interview coaching for employers. 
We are experts in your field and know exactly where to turn to identify top talent for your organization.","Human Resources","Lagos, Nigeria","//s3.amazonaws.com/appforest_uf/f1629817871310x259810843833854880/company%20logo_generic.png","Beryl's consult ","11-50 employees","Www.beryl.com.ng ","1661765005315x411266019389603800"
"Befti is a corporate support solutions provider with a comprehensive range of people outsourcing services, Business Development and Empowerment. We have a diversified team of management, strategy, innovative and capacity development experts working together to provide organizations and individuals with the best human resource management solutions.","Human Resources","Lagos, Nigeria","//s3.amazonaws.com/appforest_uf/f1661769187859x456443948125127040/Screenshot_20220829-112549_2-removebg-preview.png","Befti Nigeria ","11-50 employees","www.befti.com.ng","1661768002142x647039608580472800"
"Marvitech solutions is a corporate support  provider with a comprehensive range of people outsourcing services and Business Development. We have a diversified team of management, strategy, innovative and capacity development experts working together to provide organizations and individuals with the best human resource management solutions. With a team that diverse, we are setting new standards of performance and raising the bar in excellent service delivery to the growth of Nigeria and even to humanity.","Outsourcing/Offshoring","Lagos, Nigeria","//s3.amazonaws.com/appforest_uf/f1629817871310x259810843833854880/company%20logo_generic.png","Marvitech solutions","1-10 employees","jobs@marvitech.com.ng","1661772985682x378390805873688600"
"","","","//s3.amazonaws.com/appforest_uf/f1629817871310x259810843833854880/company%20logo_generic.png","Brave achievers","","","1661799476821x386021382661865500"
"Bamboo is an investment platform that gives Africans the tools to build wealth from the ground up through real-time access to the global markets.","Financial Services","Lagos, Nigeria","//s3.amazonaws.com/appforest_uf/f1629817871310x259810843833854880/company%20logo_generic.png","Bamboo","11-50 employees","http://investbamboo.com/","1661872377098x719284786445418500"
"Bryme Consulting is a recruiting and consulting firm whose aim is to gather young graduates to train and mentor for a brighter future.","Outsourcing/Offshoring","Lagos, Nigeria","//s3.amazonaws.com/appforest_uf/f1661948726602x376179577380649100/Screenshot_20220406-131004.png","Bryme Consulting","11-50 employees","career@brymeconsulting.com.ng","1661948009902x673730257950867500"
"Elyte Recruiter is professional at giving recruiting and consulting services which offers individuals and businesses an opportunity to successfully integrate specialized talent into the workplaces.  We also partner with 
businesses to source talents and skills,  manage the implementation into a company, and assist with staff management.
","Staffing & Recruiting","Lagos, Nigeria","//s3.amazonaws.com/appforest_uf/f1662158905160x638831372527532300/20220622_144802_0000.png","Elyte Recruiter","11-50 employees","www.elyterecruiter.com","1661948595303x274597911142334460"
"Our talented team provides full-service client experience from start to finish utilizing the most innovative methodologies, cutting edge engineering all while operating with authenticity and transparency. We have created a global network of technology professionals to address the needs of our clients.","Information Technology Services","Abuja, Nigeria","//s3.amazonaws.com/appforest_uf/f1629817871310x259810843833854880/company%20logo_generic.png","LumiQualis","11-50 employees","lumiqualis.com/","1662138582233x349341600458997760"
"","Banking","Lagos, Nigeria","//s3.amazonaws.com/appforest_uf/f1629817871310x259810843833854880/company%20logo_generic.png","Unity Bank Plc","1001-5000 employees","unitybankng.com","1662354868874x757291728440393700"
"Printing Company","Printing","Katsina, Nigeria","//s3.amazonaws.com/appforest_uf/f1629817871310x259810843833854880/company%20logo_generic.png","Tundra Tech Temp","1-10 employees","","1662436185170x864978566447890400"
"Umba is an African digital bank, offering free bank accounts and financial services to our customers.
We provide an ecosystem of connected financial services that allows the customer complete control of their finances all in one App.","Financial Services","Lagos, Nigeria","//s3.amazonaws.com/appforest_uf/f1629817871310x259810843833854880/company%20logo_generic.png","Umba","51-200 employees","http://www.umba.com/","1662491843652x129444933054234620"
"Edukoya is an education technology company that connects African learners with the digital curriculum content and on-demand teachers for real-time online education.","E-Learning","Lagos, Nigeria","//s3.amazonaws.com/appforest_uf/f1629817871310x259810843833854880/company%20logo_generic.png","Edukoya","11-50 employees","http://www.edukoya.com","1662738592600x866228716771999700"
"Ai Data Management Limited is a subsidiary of Phyna Information Technology that caters to enterprises on the African continent, helping business owners harness AI (artificial intelligence) to increase efficiency, build brand loyalty and drive business growth. 

AI Data Management expands Phyna’s presence from the Middle East to a rapidly growing African market. With AI expected to add more than $15 trillion to the global economy by 2030, AIDML is eager to make African businesses a part of this global movement currently dominated by market leaders in tech-led economies like the UK and US.

We design interactive Artificial Intelligence (AI) systems that integrate sophisticated but intuitive machine learning techniques for personalized user experience anywhere.","Information Technology Services","Lagos, Nigeria","//s3.amazonaws.com/appforest_uf/f1629817871310x259810843833854880/company%20logo_generic.png","AI Data Management Limited","11-50 employees","http://www.aidml.com/","1663008130969x437320001532198900"
"RusselSmith is a leading integrated energy services provider with a focus on asset integrity management, operations and production, technology solutions and engineering.
Our services ensure that our customers have access to reliable data about the states of their assets, and that their assets continue to perform reliably and safely all through their initial design lives, and even for extended periods after their design lives.","Oil & Energy","Lagos, Nigeria","//s3.amazonaws.com/appforest_uf/f1629817871310x259810843833854880/company%20logo_generic.png","RusselSmith Group","51-200 employees","http://russelsmithgroup.com/","1663078718162x645624305756143600"
"Lampnet Solutions is a customer-centric cutting-edge technology service provider of World-Class Solutions for high business growth and transformation with experience in Mobile Application development, Security and Cloud based technologies. LampNet Solutions is an agile software development and consulting company. We bring our expertise and competences to bear in the implementation and customization of integrated Cloud Solutions, ERP, CRM and other business software optimized to exceed customers’ expectations. We offer a suite of secure & compliant solutions that meets and exceeds requirements for small to medium-sized businesses, also offering transparent solutions. Our activities are geared around three business support pillars namely: Digital Transformation, Operational Excellence and Protection Assurance.","Information Technology Services","Lagos, Nigeria","//s3.amazonaws.com/appforest_uf/f1663337334248x738527095710893200/logo.jpg","LAMPNET SOLUTIONS","11-50 employees","www.lampnets.com","1663337166167x755787679371100200"
"sn sd","Agriculture/Farming","Oyo, Nigeria","//s3.amazonaws.com/appforest_uf/f1663930143362x800184345741914500/ben-white-83tkHLPgg2Q-unsplash.jpg","a,","11-50 employees","","1663930080248x577194850077114400"
"Kuda is a fintech company on a mission to make financial services accessible, affordable and rewarding for every African on the planet.

We're a full service digital only bank with a banking license. Kuda is designed for your smartphone, free of ridiculous charges and great at helping you budget, spend smartly and save more.

We’re a tribe of passionate and diverse people who dreamed of building an inclusive money app that Africans would love so it’s only right that we ended up with the name ‘Kuda’ which means ‘love’ in Shona, a language spoken in the southern part of Africa.

We’re giving Africans around the world a better alternative to traditional finance by delivering free money transfers, smart budgeting and instant access to credit through digital devices.

We’ve raised over $90 million from some of the world's most respected institutional investors, and we’re rolling out our game-changing services globally from our offices in Nigeria, South Africa, and the UK.","Banking","Lagos, Nigeria","//s3.amazonaws.com/appforest_uf/f1629817871310x259810843833854880/company%20logo_generic.png","Kuda","51-200 employees","https://www.kuda.com/","1664882912100x417637982761123840"
"Aella is a true lending ecosystem powered by Web 3.0, building the future of financing for the underbanked via artificial intelligence. The overarching goal of Aella is to build products which foster financial inclusion in emerging markets through innovation.","Financial Services","Lagos, Nigeria","//s3.amazonaws.com/appforest_uf/f1629817871310x259810843833854880/company%20logo_generic.png","Aella App","11-50 employees","https://aellaapp.com/","1664884451332x762805506700738600"
"sdfgs","Airline/Aviation","Oyo, Nigeria","//s3.amazonaws.com/appforest_uf/f1629817871310x259810843833854880/company%20logo_generic.png","asdf","51-200 employees","sdfg","1664888508506x210504473778585600"
"Clive Alliance is a technology solutions company that aims to build solutions to Africa's problems. Technology is the greatest enabler and we are good at Tech.","Information Technology Services","Lagos, Nigeria","//s3.amazonaws.com/appforest_uf/f1629817871310x259810843833854880/company%20logo_generic.png","Clive Alliance","1-10 employees","https://clivealliance.com/","1665138903302x237819191020486660"
"","","","//s3.amazonaws.com/appforest_uf/f1629817871310x259810843833854880/company%20logo_generic.png","Drex","","","1665157239168x766056687028928500"
"","Education Management","Lagos, Nigeria","//s3.amazonaws.com/appforest_uf/f1629817871310x259810843833854880/company%20logo_generic.png","Gradely Nigeria ","11-50 employees","gradely.ng","1667297899562x866551640544510000"
"CredPal card is designed to help you meet your most important obligations when you need to. Buy now pay later. Pay in 30days or spread payment over 6 installments.","Financial Services","Lagos, Nigeria","//s3.amazonaws.com/appforest_uf/f1629817871310x259810843833854880/company%20logo_generic.png","CredPal","11-50 employees","https://credpal.com/","1668164815797x744002351678095400"
"","","","//s3.amazonaws.com/appforest_uf/f1629817871310x259810843833854880/company%20logo_generic.png","Teller","","","1668810364592x824394777894584300"
"Klasha is a technology company that builds cross-border commerce solutions for African consumers and international businesses wanting to sell into Africa. Our mission is to make consumer goods and services online more accessible to customers across the continent. We've built the KlashaCheckout which allows African consumers to transact online across borders in local African currencies, alongside an entire toolkit of software products including; KlashaWire, KlashaCargo, Payment Links and the Klasha App.

Our vision is for African consumers to have frictionless access to the goods they want, regardless of their geographic location, by transacting using African currencies and money methods.

Klasha is currently live in Nigeria, Tanzania, Uganda, South Africa, Kenya and Zambia. Klasha is backed by leading venture investors including: Greycroft (investors in Braintree and Venmo), Seedcamp (investors in Revolut), Techstars (investors in Remitly) and Plug and Play (investors in Paypal, Honey and Dropbox).","Financial Technology","Lagos, Nigeria","//s3.amazonaws.com/appforest_uf/f1629817871310x259810843833854880/company%20logo_generic.png","Klasha","51-200 employees","http://www.klasha.com/","1668874696006x602312662312812500"
"Music and Entertainment Blog","Entertainment","Lagos, Nigeria","//s3.amazonaws.com/appforest_uf/f1629817871310x259810843833854880/company%20logo_generic.png","Newbanger Digital","1-10 employees","newbanger.com","1670618471383x133319301261950980"
"Its a fintech company that allows its clients to save, invest and request for emergency loan","Financial Technology","Lagos, Nigeria","//s3.amazonaws.com/appforest_uf/f1629817871310x259810843833854880/company%20logo_generic.png","FajoMonie","1-10 employees","www.fajomonie.com","1670781055932x483685177933430800"
"zsxcdxzcx","Civic Engineering","Osun, Nigeria","//s3.amazonaws.com/appforest_uf/f1629817871310x259810843833854880/company%20logo_generic.png","sdf","11-50 employees","","1671041567420x219827734177906700"
"eHealth4everyone is a leading digital health social enterprise dedicated to making the world healthier.
We are a new kind of mission-driven organization with services, expertise and products focused on making the business of healthcare delivery work for everyone, through technology-enabled optimizations. We believe that if health is a right, proven digital health solutions and expertise such as ours should not be a privilege.

Working with participants across the spectrum of healthcare, from individuals, healthcare providers, government departments and stakeholders, insurance organizations, pharmaceutical companies, and various private sector players, we enable high performance across the continuum of healthcare delivery and management.

Our clients and customers, international and local, work with us because of our natively inventive approach to solving problems, our tenacity and perseverance to get things done, and our innovative solutions. Our solutions help our customers optimize their theory of change and improve their health outcomes/targets, at a significantly low cost.","Hospital & Healthcare","Abuja, Nigeria","//s3.amazonaws.com/appforest_uf/f1629817871310x259810843833854880/company%20logo_generic.png","eHealth4everyone","51-200 employees","http://ehealth4everyone.com/","1673413703614x140244754667667460"
"","","","//s3.amazonaws.com/appforest_uf/f1629817871310x259810843833854880/company%20logo_generic.png","Bondy ","","","1675865962355x637264265005236200"
"CloudWare Technologies designs, develop, web mobile applications to power your businesses. We help deploy, integrate technology solutions to solve business, public and social problems. CloudWare Technologies designs, manage and secure IT systems across all sectors. We are a consortium of technology experts, we execute projects with expertise -clearly understanding the challenges of our clients, providing them with valuable advice and implementing solutions professionally with maximum support. We don’t just provide IT solutions, we use them to solve business problems.

CloudWare Technologies is  a global technology powerhouse. We began our operations a few decades ago and have grown due to excellent relationships with our clients.

We have grown so much over the years and been able to help businesses find the right IT solutions to power their businesses, provide solutions to surmount their challenges while also keeping their businesses running smoothly .

We create and deploy technological solutions that meet up, and combats the challenges that comes with running a business and living in a fast-paced and evolving world.","Information Technology Services","Oyo, Nigeria","//s3.amazonaws.com/appforest_uf/f1629817871310x259810843833854880/company%20logo_generic.png","cloudware technologies","11-50 employees","https://cloudware.ng/","1676001265155x435318458050150400"
"Binkky","Computer & Network Security","Osun, Nigeria","//s3.amazonaws.com/appforest_uf/f1629817871310x259810843833854880/company%20logo_generic.png","BINK FM","11-50 employees","test","1700438480164x174474322398150660"
"i","Automotive","Kaduna, Nigeria","//s3.amazonaws.com/appforest_uf/f1629817871310x259810843833854880/company%20logo_generic.png","i","11-50 employees","i","1701720944285x526746491924512800"
"lovely company","Computer & Network Security","Osun, Nigeria","//s3.amazonaws.com/appforest_uf/f1629817871310x259810843833854880/company%20logo_generic.png","Sabicorp","1-10 employees","","1701791242502x152016222410768400"
"","","","//s3.amazonaws.com/appforest_uf/f1629817871310x259810843833854880/company%20logo_generic.png","Bincom Global","","","1702641414025x265571315915161600"
"","Information Technology Services","Lagos, Nigeria","//s3.amazonaws.com/appforest_uf/f1629817871310x259810843833854880/company%20logo_generic.png","FT9ja","1-10 employees","www.ft9ja.com","1706603708419x111180697922437120"
